good_id;category;подкатегория;name;Емкость;Фасовка;Крупный опт;Средний опт;Мелкий опт;Рекомендованная розничная цена;desc;;
3583-001;Масла IDEMITSU;Моторное масло Idemitsu ZEPRO (Япония);IDEMITSU ZEPRO ECO MEDALIST  0W20 SN/GF-5;1L;20; 	538,00р. ;565 р.;593 р.; 	725,00р. ;Энергосберегающее моторное масло для бензиновых двигателей со сверхвысоким индексом вязкости и присадками на основе атомарного органического молибдена (Синтетика);;
3583-004;Масла IDEMITSU;Моторное масло Idemitsu ZEPRO (Япония);IDEMITSU ZEPRO ECO MEDALIST  0W20 SN/GF-5;4L;6; 	1 920,00р. ;2 016 р.;2 117 р.; 	2 600,00р. ;;;
3583-020;Масла IDEMITSU;Моторное масло Idemitsu ZEPRO (Япония);IDEMITSU ZEPRO ECO MEDALIST  0W20 SN/GF-5;20L;1; 	8 850,00р. ;9 293 р.;9 757 р.;;;;
3583-200;Масла IDEMITSU;Моторное масло Idemitsu ZEPRO (Япония);IDEMITSU ZEPRO ECO MEDALIST  0W20 SN/GF-5;200L;1; 	76 950,00р. ;80 798 р.;84 837 р.;;;;
3615-001;Масла IDEMITSU;Моторное масло Idemitsu ZEPRO (Япония);IDEMITSU ZEPRO TOURING  PRO  0W30 SN/CF GF-5   ;1L;20; 	538,00р. ;565 р.;593 р.; 	725,00р. ;Универсальное высокотехнологичное энергосберегающее синтетическое масло, на основе смеси VHVI и PAO, что обеспечивает непревзойденную защиту двигателя от износа и отложений;;
3615-004;Масла IDEMITSU;Моторное масло Idemitsu ZEPRO (Япония);IDEMITSU ZEPRO TOURING  PRO  0W30 SN/CF GF-5;4L;6; 	1 920,00р. ;2 016 р.;2 117 р.; 	2 600,00р. ;;;
1845-001;Масла IDEMITSU;Моторное масло Idemitsu ZEPRO (Япония);IDEMITSU ZEPRO TOURING   5W30 SN/GF-5;1L;20; 	497,00р. ;522 р.;548 р.; 	670,00р. ;Энергосберегающее масло для бензиновых двигателей (Синтетика);;
1845-004;Масла IDEMITSU;Моторное масло Idemitsu ZEPRO (Япония);IDEMITSU ZEPRO TOURING   5W30 SN/GF-5;4L;6; 	1 775,00р. ;1 864 р.;1 957 р.; 	2 400,00р. ;;;
1845-020;Масла IDEMITSU;Моторное масло Idemitsu ZEPRO (Япония);IDEMITSU ZEPRO TOURING   5W30 SN/GF-5;20L;1; 	8 200,00р. ;8 610 р.;9 041 р.;;;;
1845-200;Масла IDEMITSU;Моторное масло Idemitsu ZEPRO (Япония);IDEMITSU ZEPRO TOURING   5W30 SN/GF-5;200L;1; 	70 900,00р. ;74 445 р.;78 167 р.;;;;
3585-001;Масла IDEMITSU;Моторное масло Idemitsu ZEPRO (Япония);IDEMITSU ZEPRO RACING  5W40 SN;1L;20; 	740,00р. ;777 р.;816 р.; 	1 000,00р. ;"100% Синтетика (ПАО) с эстерами. Выдерживает сверхвысокие спортивные нагрузки в форсированных автомобилях, и в то же время обладает увеличенными сроками службы в ""гражданских"" автомобилях";;
3585-004;Масла IDEMITSU;Моторное масло Idemitsu ZEPRO (Япония);IDEMITSU ZEPRO RACING  5W40 SN;4L;6; 	2 643,00р. ;2 775 р.;2 914 р.; 	3 600,00р. ;;;
3585-020;Масла IDEMITSU;Моторное масло Idemitsu ZEPRO (Япония);IDEMITSU ZEPRO RACING  5W40 SN;20L;1; 	12 200,00р. ;12 810 р.;13 451 р.;;;;
3585-200;Масла IDEMITSU;Моторное масло Idemitsu ZEPRO (Япония);IDEMITSU ZEPRO RACING  5W40 SN;200L;1; 	111 900,00р. ;117 495 р.;123 370 р.;;;;
1849-001;Масла IDEMITSU;Моторное масло Idemitsu ZEPRO (Япония);IDEMITSU ZEPRO EURO SPEC  5W40 SN/CF,                        ACEA A3/B4, MB 229.5, VW 502.00/505.00,                                  BMW LL-01, PORSCHE A40;1L;20; 	497,00р. ;522 р.;548 р.; 	670,00р. ;Синтетическое универсальное моторное масло для форсированных бензиновых и дизельных двигателей легковых автомобилей Японского, Европейского, Американского, Корейского и Российского производства.;;
1849-004;Масла IDEMITSU;Моторное масло Idemitsu ZEPRO (Япония);IDEMITSU ZEPRO EURO SPEC  5W40 SN/CF,                        ACEA A3/B4, MB 229.5, VW 502.00/505.00,                                  BMW LL-01, PORSCHE A40;4L;6; 	1 775,00р. ;1 864 р.;1 957 р.; 	2 400,00р. ;;;
1849-020;Масла IDEMITSU;Моторное масло Idemitsu ZEPRO (Япония);IDEMITSU ZEPRO EURO SPEC  5W40 SN/CF,                        ACEA A3/B4, MB 229.5, VW 502.00/505.00,                                  BMW LL-01, PORSCHE A40;20L;1; 	8 200,00р. ;8 610 р.;9 041 р.;;;;
1849-200;Масла IDEMITSU;Моторное масло Idemitsu ZEPRO (Япония);IDEMITSU ZEPRO EURO SPEC  5W40 SN/CF,                        ACEA A3/B4, MB 229.5, VW 502.00/505.00,                                  BMW LL-01, PORSCHE A40;200L;1; 	70 900,00р. ;74 445 р.;78 167 р.;;;;
2156-001;Масла IDEMITSU;Моторное масло Idemitsu ZEPRO (Япония);IDEMITSU ZEPRO DIESEL  DL-1 5W30 ACEA C2-08;1L;20; 	435,00р. ;457 р.;480 р.; 	590,00р. ;Энергосберегающее масло для дизельных двигателей легковых автомобилей и легких грузовиков, в том числе с турбонаддувом, оснащенных сажевыми фильтрами DPF  (Полусинтетика);;
2156-004;Масла IDEMITSU;Моторное масло Idemitsu ZEPRO (Япония);IDEMITSU ZEPRO DIESEL  DL-1 5W30 ACEA C2-08;4L;6; 	1 558,00р. ;1 636 р.;1 718 р.; 	2 100,00р. ;;;
2156-020;Масла IDEMITSU;Моторное масло Idemitsu ZEPRO (Япония);IDEMITSU ZEPRO DIESEL  DL-1 5W30 ACEA C2-08;20L;1; 	7 200,00р. ;7 560 р.;7 938 р.;;;;
2156-200;Масла IDEMITSU;Моторное масло Idemitsu ZEPRO (Япония);IDEMITSU ZEPRO DIESEL  DL-1 5W30 ACEA C2-08;200L;1; 	62 250,00р. ;65 363 р.;68 631 р.;;;;
2862-001;Масла IDEMITSU;Моторное масло Idemitsu ZEPRO (Япония);IDEMITSU ZEPRO  DIESEL  10W30 DH-1/CF           ;1L;20; 	415,00р. ;436 р.;458 р.; 	560,00р. ;Масло (гидрокрекинг) для современных дизельных двигателей легковых и грузовых авто с турбонаддувом и без, с системой EGR и Common Rail  и без.;;
2862-004;Масла IDEMITSU;Моторное масло Idemitsu ZEPRO (Япония);IDEMITSU ZEPRO  DIESEL  10W30 DH-1/CF           ;4L;6; 	1 485,00р. ;1 559 р.;1 637 р.; 	2 000,00р. ;;;
2573-020;Масла IDEMITSU;Моторное масло Idemitsu ZEPRO (Япония);Apolloil  Multi Runner(Zepro Diesel) 10W30 DH-1/СF-4;20L;1; 	5 300,00р. ;5 565 р.;5 843 р.;;Масло (гидрокрекинг) для современных дизельных двигателей легковых и грузовых авто с турбонаддувом и без, с системой EGR и Common Rail  и без;;
2573-200;Масла IDEMITSU;Моторное масло Idemitsu ZEPRO (Япония);Apolloil  Multi Runner(Zepro Diesel) 10W30 DH-1/СF-4;200L;1; 	44 800,00р. ;47 040 р.;49 392 р.;;;;
2863-001;Масла IDEMITSU;Моторное масло Idemitsu ZEPRO (Япония);IDEMITSU ZEPRO DIESEL  F-S 5W40 CF;1L;20; 	740,00р. ;777 р.;816 р.; 	1 000,00р. ;100% Синтетика (ПАО) для современных дизельных двигателей легковых автомобилей, внедорожников и легких грузовиков с турбонаддувом и без.;;
2863-004;Масла IDEMITSU;Моторное масло Idemitsu ZEPRO (Япония);IDEMITSU ZEPRO DIESEL  F-S 5W40 CF;4L;6; 	2 643,00р. ;2 775 р.;2 914 р.; 	3 600,00р. ;;;
2863-020;Масла IDEMITSU;Моторное масло Idemitsu ZEPRO (Япония);IDEMITSU ZEPRO DIESEL  F-S 5W40 CF;20L;1; 	12 200,00р. ;12 810 р.;13 451 р.;;;;
4268-020;Масла IDEMITSU;Моторное масло Idemitsu ZEPRO (Япония);APOLLOIL CLEAN RUNNER DH-2  5W30 ;20L;1; 	7 400,00р. ;7 770 р.;8 159 р.;;Масло  для современных дизельных двигателей грузовых авто с турбонаддувом и без, с системой EGR и сажевым фильтром DPF.;;
4268-200;Масла IDEMITSU;Моторное масло Idemitsu ZEPRO (Япония);APOLLOIL CLEAN RUNNER DH-2  5W30 ;200L;1; 	61 400,00р. ;64 470 р.;67 694 р.;;;;
4336-020;Масла IDEMITSU;Моторное масло Idemitsu ZEPRO (Япония);APOLLOIL EX DH-2 10W40;20L;1; 	7 000,00р. ;7 350 р.;7 718 р.;;Масло  для современных дизельных двигателей грузовых авто категории HPDE с турбонаддувом и без, с системой EGR и сажевым фильтром DPF.;;
4336-200;Масла IDEMITSU;Моторное масло Idemitsu ZEPRO (Япония);APOLLOIL EX DH-2 10W40;200L;1; 	58 400,00р. ;61 320 р.;64 386 р.;;;;
1647-0005;Масла IDEMITSU;Моторное масло Idemitsu ZEPRO (Япония); Zepro PSF;0,5L;20; 	254,00р. ;267 р.;280 р.; 	350,00р. ;Жидкость для гидроусилителя руля;;
1647-020;Масла IDEMITSU;Моторное масло Idemitsu ZEPRO (Япония); Zepro PSF;20L;1; 	7 850,00р. ;8 243 р.;8 655 р.;;;;
1652-001;Масла IDEMITSU;Моторное масло Idemitsu ZEPRO (Япония);DAPHNE OUTBOARD Engine Oil 2-Cycle Oil  TC-W3;1L;20; 	434,00р. ;456 р.;478 р.; 	590,00р. ;Масло для двухтактных лодочных двигателей;;
30021328-724;Масла IDEMITSU;Моторное масло Idemitsu ZEPRO (Япония);IDEMITSU FULLY-SYNTHETIC SN/GF-5 0W20 ;1L;24; 	354,00р. ;372 р.;390 р.; 	480,00р. ;Энергосберегающее моторное масло для бензиновых двигателей (Синтетика);;
30021328-746;Масла IDEMITSU;Моторное масло Idemitsu ZEPRO (Япония);IDEMITSU FULLY-SYNTHETIC SN/GF-5 0W20 ;4L;6; 	1 268,00р. ;1 331 р.;1 398 р.; 	1 700,00р. ;;;
30021328-520;Масла IDEMITSU;Моторное масло Idemitsu ZEPRO (Япония);IDEMITSU FULLY-SYNTHETIC SN/GF-5 0W20 ;20L;1; 	5 850,00р. ;6 143 р.;6 450 р.;;;;
30021328-200;Масла IDEMITSU;Моторное масло Idemitsu ZEPRO (Япония);IDEMITSU FULLY-SYNTHETIC SN/GF-5 0W20 ;200L;1; 	53 900,00р. ;56 595 р.;59 425 р.;;;;
30021326-724;Масла IDEMITSU;Моторное масло Idemitsu ZEPRO (Япония);IDEMITSU FULLY-SYNTHETIC SN/GF-5 5W30;1L;24; 	354,00р. ;372 р.;390 р.; 	480,00р. ;Универсальное синтетическое моторное масло;;
30021326-746;Масла IDEMITSU;Моторное масло Idemitsu ZEPRO (Япония);IDEMITSU FULLY-SYNTHETIC SN/GF-5 5W30;4L;6; 	1 268,00р. ;1 331 р.;1 398 р.; 	1 700,00р. ;;;
30021326-520;Масла IDEMITSU;Моторное масло Idemitsu ZEPRO (Япония);IDEMITSU FULLY-SYNTHETIC SN/GF-5 5W30;20L;1; 	5 850,00р. ;6 143 р.;6 450 р.;;;;
30021326-200;Масла IDEMITSU;Моторное масло Idemitsu ZEPRO (Япония);IDEMITSU FULLY-SYNTHETIC SN/GF-5 5W30;200L;1; 	53 900,00р. ;56 595 р.;59 425 р.;;;;
30015046-724;Масла IDEMITSU;Моторное масло Idemitsu ZEPRO (Япония);IDEMITSU FULLY-SYNTHETIC SN/CF 5W40;1L;24; 	354,00р. ;372 р.;390 р.; 	480,00р. ;Универсальное синтетическое моторное масло;;
30015046-746;Масла IDEMITSU;Моторное масло Idemitsu ZEPRO (Япония);IDEMITSU FULLY-SYNTHETIC SN/CF 5W40;4L;6; 	1 268,00р. ;1 331 р.;1 398 р.; 	1 700,00р. ;;;
30015046-520;Масла IDEMITSU;Моторное масло Idemitsu ZEPRO (Япония);IDEMITSU FULLY-SYNTHETIC SN/CF 5W40;20L;1; 	5 850,00р. ;6 143 р.;6 450 р.;;;;
30015046-200;Масла IDEMITSU;Моторное масло Idemitsu ZEPRO (Япония);IDEMITSU FULLY-SYNTHETIC SN/CF 5W40;200L;1; 	53 900,00р. ;56 595 р.;59 425 р.;;;;
30015045-724;Масла IDEMITSU;Моторное масло Idemitsu ZEPRO (Япония);IDEMITSU SEMI-SYNTHETIC SN/CF 10W40;1L;1; 	315,00р. ;331 р.;347 р.; 	425,00р. ;Универсальное полусинтетическое масло;;
30015045-746;Масла IDEMITSU;Моторное масло Idemitsu ZEPRO (Япония);IDEMITSU SEMI-SYNTHETIC SN/CF 10W40;4L;1; 	1 124,00р. ;1 180 р.;1 239 р.; 	1 500,00р. ;;;
30015045-520;Масла IDEMITSU;Моторное масло Idemitsu ZEPRO (Япония);IDEMITSU SEMI-SYNTHETIC SN/CF 10W40;20L;1; 	5 150,00р. ;5 408 р.;5 678 р.;;;;
30015045-200;Масла IDEMITSU;Моторное масло Idemitsu ZEPRO (Япония);IDEMITSU SEMI-SYNTHETIC SN/CF 10W40;200L;1; 	47 750,00р. ;50 138 р.;52 644 р.;;;;
30065013-724;Масла IDEMITSU;Моторное масло Idemitsu ZEPRO (Япония);IDEMITSU MINERAL SM/CF 10W30;1L;24; 	294,00р. ;309 р.;324 р.; 	400,00р. ;Гидрокрекинговое масло для бензиновых двигателей;;
30065013-746;Масла IDEMITSU;Моторное масло Idemitsu ZEPRO (Япония);IDEMITSU MINERAL SM/CF 10W30;4L;6; 	1 051,00р. ;1 104 р.;1 159 р.; 	1 400,00р. ;;;
30065013-520;Масла IDEMITSU;Моторное масло Idemitsu ZEPRO (Япония);IDEMITSU MINERAL SM/CF 10W30;200L;1; 	4 850,00р. ;5 093 р.;5 347 р.;;;;
30180156-756;Масла IDEMITSU;Моторное масло Idemitsu для дизельных двигателей (Сингапур/Вьетнам);IDEMITSU DIESEL CLEAN 15W40 CI-4/DH-1;5L;6; 	1 462,00р. ;1 535 р.;1 612 р.; 	1 980,00р. ;Для современных дизельных двигателей с turbo-charge, EGR. Jaso: DH-1, API CI-4, CH-4/SL, SJ |ACEA E7-08|Mack EO-M+|MB 228.2/3|MTU Type2|MAN M3275|Volvo VDS-3|Cummins CES 20076/77/78 | Renalt RLD-2;;
30180156-520;Масла IDEMITSU;Моторное масло Idemitsu для дизельных двигателей (Сингапур/Вьетнам);IDEMITSU DIESEL CLEAN 15W40 CI-4/DH-1;20L;1; 	5 300,00р. ;5 565 р.;5 843 р.;;;;
30180156-200;Масла IDEMITSU;Моторное масло Idemitsu для дизельных двигателей (Сингапур/Вьетнам);IDEMITSU DIESEL CLEAN 15W40 CI-4/DH-1;200L;1; 	44 800,00р. ;47 040 р.;49 392 р.;;;;
30180230-200;Масла IDEMITSU;Моторное масло Idemitsu для дизельных двигателей (Сингапур/Вьетнам);IDEMITSU DIESEL ECO 5W30 CJ-4/DH-2 F-S;200L;1; 	59 300,00р. ;62 265 р.;65 378 р.; ;Синтетическое масло для современных дизельных двигателей, оборудованных сажевыми фильтрами (DPF);;
30175011-724;Масла IDEMITSU;Моторное масло Idemitsu для дизельных двигателей (Сингапур/Вьетнам);Racing 5W30 CF/SG;1L;24; 	345,00р. ;362 р.;380 р.; 	465,00р. ;Высокоэффективное моторное масло созданное с учетом большинства строгих требований главным образом для дизельных двигателей. Соответствует и для бензиновых двигателей.  API: CF/SG;;
30175011-746;Масла IDEMITSU;Моторное масло Idemitsu для дизельных двигателей (Сингапур/Вьетнам);Racing 5W30 CF/SG;4L;6; 	1 266,00р. ;1 329 р.;1 396 р.; 	1 700,00р. ;;;
30175011-520;Масла IDEMITSU;Моторное масло Idemitsu для дизельных двигателей (Сингапур/Вьетнам);Racing 5W30 CF/SG;20L;1; 	5 700,00р. ;5 985 р.;6 284 р.;;;;
30175011-200;Масла IDEMITSU;Моторное масло Idemitsu для дизельных двигателей (Сингапур/Вьетнам);Racing 5W30 CF/SG;200L;1; 	48 000,00р. ;50 400 р.;52 920 р.;;;;
30075017-724;Масла IDEMITSU;Моторное масло Idemitsu для дизельных двигателей (Сингапур/Вьетнам);Racing 10W30 CF4/SG;1L;24; 	345,00р. ;362 р.;380 р.; 	465,00р. ;Высокоэффективное моторное масло созданное с учетом большинства строгих требований для дизельных двигателей с turbo-charge и super-charge и бензиновых двигателей. Универсальное всесезонное масло: 10W30 и 15W40 удовлетворяет требованиям AIP: CF4/SG, MIL-L-2104E и CCMC D4/PD2/G4. ;;
30075017-746;Масла IDEMITSU;Моторное масло Idemitsu для дизельных двигателей (Сингапур/Вьетнам);Racing 10W30 CF4/SG;4L;6; 	1 266,00р. ;1 329 р.;1 396 р.; 	1 700,00р. ;;;
30075017-520;Масла IDEMITSU;Моторное масло Idemitsu для дизельных двигателей (Сингапур/Вьетнам);Racing 10W30 CF4/SG;20L;1; 	5 200,00р. ;5 460 р.;5 733 р.;;;;
30075017-200;Масла IDEMITSU;Моторное масло Idemitsu для дизельных двигателей (Сингапур/Вьетнам);Racing 10W30 CF4/SG;200L;1; 	43 400,00р. ;45 570 р.;47 849 р.;;;;
FBA-0073-001;Масла IDEMITSU;Моторное масло Idemitsu для дизельных двигателей (Сингапур/Вьетнам);Racing 15W40 CF4/SG;1L;24; 	160,00р. ;168 р.;176 р.; 	290,00р. ;Высокоэффективное моторное масло созданное с учетом большинства строгих требований для дизельных двигателей с turbo-charge и super-charge и бензиновых двигателей. Универсальное всесезонное масло: 10W30 и 15W40 удовлетворяет требованиям AIP: CF4/SG, MIL-L-2104E и CCMC D4/PD2/G4. ;;
30175012-756;Масла IDEMITSU;Моторное масло Idemitsu для дизельных двигателей (Сингапур/Вьетнам);Racing 15W40 CF4/SG;5L;6; 	1 215,00р. ;1 276 р.;1 340 р.; 	1 650,00р. ;;;
30175012-520;Масла IDEMITSU;Моторное масло Idemitsu для дизельных двигателей (Сингапур/Вьетнам);Racing 15W40 CF4/SG;20L;1; 	5 200,00р. ;5 460 р.;5 733 р.;;;;
30175012-200;Масла IDEMITSU;Моторное масло Idemitsu для дизельных двигателей (Сингапур/Вьетнам);Racing 15W40 CF4/SG;200L;1;35 000,00р.;36 750 р.;38 588 р.;;;;
30075031-756;Масла IDEMITSU;Моторное масло Idemitsu для дизельных двигателей (Сингапур/Вьетнам);IDEMITSU  DIESEL 15W-50 CH-4/SJ S-S;5L;6; 	1 680,00р. ;1 764 р.;1 852 р.; 	2 250,00р. ;Высокоэффективное полусинтетическое (с ПАО) универсальное моторное масло, созданное главным образом для дизельных двигателей с турбонаддувом и без, работающих в высоконагруженном режиме при температуре до - 35 градусов.;;
30075031-520;Масла IDEMITSU;Моторное масло Idemitsu для дизельных двигателей (Сингапур/Вьетнам);IDEMITSU  DIESEL 15W-50 CH-4/SJ S-S;20L;1; 	6 350,00р. ;6 668 р.;7 001 р.;;;;
30095002-724;Масла IDEMITSU;Моторное масло Idemitsu для МОТОЦИКЛОВ (Сингапур/Вьетнам);IDEMITSU 4T MAX 10W40 SL/МА Fully-Synthetic;1L;24; 	435,00р. ;457 р.;480 р.; 	590,00р. ;Синтетическое масло для 4-тактных мотоциклов с мокрым типом сцепления JASO MA;;
30095003-724;Масла IDEMITSU;Моторное масло Idemitsu для МОТОЦИКЛОВ (Сингапур/Вьетнам);IDEMITSU 4T MAX 10W40 SJ/МА Semi-Synthetic;1L;24; 	389,00р. ;408 р.;429 р.; 	525,00р. ;Полусинтетическое масло для 4-тактных мотоциклов JASO MA;;
30095004-724;Масла IDEMITSU;Моторное масло Idemitsu для МОТОЦИКЛОВ (Сингапур/Вьетнам);IDEMITSU 4T MAX 10W30 SJ/МА ECO Mineral;1L;24; 	362,00р. ;380 р.;399 р.; 	490,00р. ;Минеральное энергосберегающее масло для 4-х тактных мотоциклов JASO MA;;
30450242-724;Масла IDEMITSU;Трансмиссионное масло Idemitsu (Сингапур/Вьетнам);IDEMITSU ATF D2;1L;24; 	312,00р. ;328 р.;344 р.; 	420,00р. ;Высококачественный ATF для тяжелой техники. Соответствует требованиям GM Dexron II-D, Ford Mercon, Dension HF-0 & GM, Allison C3 & C3;;
30450243-520;Масла IDEMITSU;Трансмиссионное масло Idemitsu (Сингапур/Вьетнам);IDEMITSU ATF D2;20L;1; 	5 000,00р. ;5 250 р.;5 513 р.;;;;
30450244-724;Масла IDEMITSU;Трансмиссионное масло Idemitsu (Сингапур/Вьетнам);IDEMITSU  ATF  ;1L;24; 	435,00р. ;457 р.;480 р.; 	590,00р. ;Универсальная жидкость для автоматических трансмиссий. Используется во всех типах автоматических трансмиссий, удовлетворяющих требованиям DEXRON II, IID, IIE, DEXRON III, IIIG, IIIH, DEXRON VI, MERCON, MERCON V;;
30450244-746;Масла IDEMITSU;Трансмиссионное масло Idemitsu (Сингапур/Вьетнам);IDEMITSU  ATF  ;4L;6; 	1 558,00р. ;1 636 р.;1 718 р.; 	2 100,00р. ;;;
30450244-520;Масла IDEMITSU;Трансмиссионное масло Idemitsu (Сингапур/Вьетнам);IDEMITSU  ATF  ;20L;1; 	7 200,00р. ;7 560 р.;7 938 р.;;;;
1538-200;Масла IDEMITSU;Трансмиссионное масло Idemitsu (Сингапур/Вьетнам);IDEMITSU Extreme ATF;200L;1; 	62 250,00р. ;65 363 р.;68 631 р.;;;;
30455013-746;Масла IDEMITSU;Трансмиссионное масло Idemitsu (Сингапур/Вьетнам);IDEMITSU CVTF       ;4L;6; 	1 847,00р. ;1 939 р.;2 036 р.; 	2 500,00р. ;Жидкость для системы CVTF. Рекомендовано для использования во всех современных вариаторных коробках передач CVTF в японских авто;;
30455013-520;Масла IDEMITSU;Трансмиссионное масло Idemitsu (Сингапур/Вьетнам);IDEMITSU CVTF                      ;20L;1; 	8 500,00р. ;8 925 р.;9 371 р.;;;;
4097-200;Масла IDEMITSU;Трансмиссионное масло Idemitsu (Сингапур/Вьетнам);IDEMITSU EXTREME CVTF;200L;1; 	73 800,00р. ;77 490 р.;81 365 р.;;;;
30305012-724;Масла IDEMITSU;Трансмиссионное масло Idemitsu (Сингапур/Вьетнам);IDEMITSU Extreme MTF SAE 80W85  GL-4;1L;24; 	258,00р. ;271 р.;284 р.; 	350,00р. ;Высококачественное трансмиссионное масло, соответствует классификации API: GL-4, SAE 80W85 ;;
30305009-520;Масла IDEMITSU;Трансмиссионное масло Idemitsu (Сингапур/Вьетнам);IDEMITSU SUPER GEAR GL-4 80W GL-4;20L;1; 	4 250,00р. ;4 463 р.;4 686 р.;;Масло для трансмиссии и дифференциала, соответствует классификации API: GL-4. ;;
30305045-724;Масла IDEMITSU;Трансмиссионное масло Idemitsu (Сингапур/Вьетнам);Idemitsu Racing 80W-90 GL-5;1L;24; 	281,00р. ;295 р.;310 р.; 	380,00р. ;Масло для механической трансмиссии и дифференциала, соответствует классификации API: GL-5. С балансированно с EP присадками, антиокcидными, антикорозийными, антипенными присадками;;
30305045-746;Масла IDEMITSU;Трансмиссионное масло Idemitsu (Сингапур/Вьетнам);Idemitsu Racing 80W-90 GL-5;4L;6; 	880,00р. ;924 р.;970 р.; 	1 200,00р. ;;;
30305045-520;Масла IDEMITSU;Трансмиссионное масло Idemitsu (Сингапур/Вьетнам);Idemitsu Racing 80W-90 GL-5;20L;1; 	5 650,00р. ;5 933 р.;6 229 р.;;;;
30305045-200;Масла IDEMITSU;Трансмиссионное масло Idemitsu (Сингапур/Вьетнам);Idemitsu Racing 80W-90 GL-5;200L;1; 	51 700,00р. ;54 285 р.;56 999 р.;;;;
10106-042K;Масла IDEMITSU;Трансмиссионное масло Idemitsu (США);IDEMITSU ATF TYPE-TLS;946ml;12; 	355,00р. ;373 р.;391 р.; 	480,00р. ;Полное соответствие спецификации TOYOTA TYPE T-IV;;
10114-042B;Масла IDEMITSU;Трансмиссионное масло Idemitsu (США);IDEMITSU ATF TYPE TLS-LV;946ml;12; 	398,00р. ;418 р.;439 р.; 	540,00р. ;Полное соответствие спецификации TOYOTA ATF WS;;
10116-042;Масла IDEMITSU;Трансмиссионное масло Idemitsu (США);IDEMITSU ATF TYPE-H;946ml;12; 	434,00р. ;456 р.;478 р.; 	590,00р. ;Полное соответствие спецификации HONDA ATF Z-1;;
10113-042P;Масла IDEMITSU;Трансмиссионное масло Idemitsu (США);IDEMITSU ATF TYPE-M;946ml;12; 	398,00р. ;418 р.;439 р.; 	540,00р. ;Полное соответствие спецификации MAZDA ATF M-V;;
10112-042D;Масла IDEMITSU;Трансмиссионное масло Idemitsu (США);IDEMITSU ATF TYPE-HK;946ml;12; 	391,00р. ;411 р.;431 р.; 	530,00р. ;Полное соответствие спецификации HYUNDAI/KIA ATF SP-III;;
10107-042F;Масла IDEMITSU;Трансмиссионное масло Idemitsu (США);IDEMITSU ATF TYPE-HP;946ml;12; 	421,00р. ;442 р.;464 р.; 	570,00р. ;Полное соответствие спецификации SUBARU HP, заменяет SUBARU ATF, 5 ATF, PSF;;
10108-042E;Масла IDEMITSU;Трансмиссионное масло Idemitsu (США);IDEMITSU ATF TYPE-J;946ml;12; 	426,00р. ;447 р.;470 р.; 	580,00р. ;Полное соответствие спецификации NISSAN MATIC J, заменяет Matic S, Matic D, Matic K;;
10118-042;Масла IDEMITSU;Трансмиссионное масло Idemitsu (США);IDEMITSU CVT TYPE-N;946ml;12; 	530,00р. ;557 р.;584 р.; 	720,00р. ;Полное соответствие спецификации NISSAN CVT NS-2;;
30102-052A;Масла IDEMITSU;Трансмиссионное масло Idemitsu (США);IDEMITSU PSF;354ml;12; 	208,00р. ;218 р.;229 р.; 	280,00р. ;Жидкость для гидроусилителя руля;;
2846-042;Масла IDEMITSU;Трансмиссионное масло Idemitsu (США);IDEMITSU Racing 75W-90 GL-5;946ml;12; 	651,00р. ;684 р.;718 р.; 	880,00р. ;синтетическое масло (ПАО) для механической трансмиссии и дифференциала, удовлетворяющих требованиям классификации API: GL-5;;
JG-1;Смазки NPC (Япония)  ;;"NPC Grease JABARA (1л) (катридж) 
Цвет: янтарно-желтая";1 л;15; 	580,00р. ;609 р.;639 р.;735 р.;Литиевая смазка используется в централизованной системе Японских грузовых автомобилей, т.к. ISUZU, HINO и т.д;;
MP2-420;Смазки NPC (Япония)  ;;NPC GREASE MP №2 (туба) Цвет: светло-коричневая;420 ml;20; 	260,00р. ;273 р.;287 р.;330 р.;для подшипников и вращающихся деталей производственных механизмов, автомобилей, сторительной техники;;
MP2-16;Смазки NPC (Япония)  ;;NPC GREASE MP №2  Цвет: светло-коричневая;16 кг;1; 	5 500,00р. ;5 775 р.;6 064 р.;6 973 р.;;;
SP2-420;Смазки NPC (Япония)  ;;NPC GREASE SP №2 (туба) Цвет: светло-коричневая;420 ml;20; 	250,00р. ;263 р.;276 р.;317 р.;для подшипников и вращающихся деталей производственных механизмов, автомобилей, сторительной техники;;
SP3-420;Смазки NPC (Япония)  ;;NPC GREASE SP №3 (туба) Цвет: светло-коричневая;420 ml;20; 	250,00р. ;263 р.;276 р.;317 р.;;;
HD2-420;Смазки NPC (Япония)  ;;NPC GREASE HD №2 (туба) Цвет: лаймово-зеленая;420 ml;20; 	320,00р. ;336 р.;353 р.;406 р.;Многоцелевая водостойкая литиевая смазка нового стандарта качества. Используется в колесных подшипниках, водяных помпах, других подшипниках и т.п. Используется всеми Японскими производителями грузовиков (ISUZU, HINO, MMC и т.д). Заменяет все предыдущие виды смазок (SP, MP);;
HD2-2.5;Смазки NPC (Япония)  ;;NPC GREASE HD №2 (2,5кг) Цвет: лаймово-зеленая;2,5 кг;6; 	1 200,00р. ;1 260 р.;1 323 р.;1 521 р.;;;
HD2-16;Смазки NPC (Япония)  ;;NPC GREASE HD №2  Цвет: лаймово-зеленая ;16 кг;1; 	8 200,00р. ;8 610 р.;9 041 р.;10 397 р.;;;
MO2-420;Смазки NPC (Япония)  ;;NPC GREASE MO №2 (туба) Цвет: графитово-черная;420 ml;20; 	420,00р. ;441 р.;463 р.;533 р.;Молибденовая смазка для мест с повышенным давлением, отлично подходит  для ШРУСов;;
MO2-16;Смазки NPC (Япония)  ;;NPC GREASE MO №2  Цвет: графитово-черная;16 кг;1; 	8 000,00р. ;8 400 р.;8 820 р.;10 143 р.;;;
CH400;Смазки NPC (Япония)  ;;"GREASE GUN  
При покупке корробки смазки 420мл - шприц в подарок!";1шт;1; 	2 000,00р. ;2 100 р.;2 205 р.;2 536 р.;Шприц для смазок NPC в тубах;;
51-012;АНТИФРИЗЫ KYK (ЯПОНИЯ) ;Антифризы готовые;AKIRA COOLANT - 40°C (зеленый);1L;20; 	230,00р. ;242 р.;254 р.;292 р.;антифриз для всех автомобилей, кроме Toyota и Daihatsu;;
52-036;АНТИФРИЗЫ KYK (ЯПОНИЯ) ;Антифризы готовые;AKIRA COOLANT - 40°C (зеленый);2L;12; 	410,00р. ;431 р.;452 р.;520 р.;антифриз для всех автомобилей, кроме Toyota и Daihatsu;;
54-028;АНТИФРИЗЫ KYK (ЯПОНИЯ) ;Антифризы готовые;AKIRA COOLANT - 40°C (зеленый)   ;4L;6; 	695,00р. ;730 р.;766 р.;881 р.;антифриз для всех автомобилей, кроме Toyota и Daihatsu;;
55-006;АНТИФРИЗЫ KYK (ЯПОНИЯ) ;Антифризы готовые;AKIRA COOLANT - 40°C (зеленый);5L;4; 	1 000,00р. ;1 050 р.;1 103 р.;1 268 р.;антифриз для всех автомобилей, кроме Toyota и Daihatsu;;
56-292;АНТИФРИЗЫ KYK (ЯПОНИЯ) ;Антифризы готовые;AKIRA COOLANT - 40°C (зеленый) Мягкая уп-ка;20L;1; 	3 320,00р. ;3 486 р.;3 660 р.;4 209 р.;антифриз для всех автомобилей, кроме Toyota и Daihatsu;;
56-304;АНТИФРИЗЫ KYK (ЯПОНИЯ) ;Антифризы готовые;AKIRA COOLANT - 40°C (зеленый) Канистра;20L;1; 	3 620,00р. ;3 801 р.;3 991 р.;4 590 р.;антифриз для всех автомобилей, кроме Toyota и Daihatsu;;
57-904;АНТИФРИЗЫ KYK (ЯПОНИЯ) ;Антифризы готовые;AKIRA COOLANT - 40°C (зеленый);200L;1; 	32 320,00р. ;33 936 р.;35 633 р.;40 978 р.;антифриз для всех автомобилей, кроме Toyota и Daihatsu;;
51-011;АНТИФРИЗЫ KYK (ЯПОНИЯ) ;Антифризы готовые;AKIRA COOLANT -40°C (красный);1L;20;230,00р.;242 р.;254 р.;292 р.;антифриз для Toyota и Daihatsu;;
52-035;АНТИФРИЗЫ KYK (ЯПОНИЯ) ;Антифризы готовые;AKIRA COOLANT -40°C (красный);2L;12; 	410,00р. ;431 р.;452 р.;520 р.;антифриз для Toyota и Daihatsu;;
54-027;АНТИФРИЗЫ KYK (ЯПОНИЯ) ;Антифризы готовые;AKIRA COOLANT -40°C (красный)  ;4L;6; 	695,00р. ;730 р.;766 р.;881 р.;антифриз для Toyota и Daihatsu;;
55-005;АНТИФРИЗЫ KYK (ЯПОНИЯ) ;Антифризы готовые;AKIRA COOLANT -40°C (красный)   ;5L;4; 	1 000,00р. ;1 050 р.;1 103 р.;1 268 р.;антифриз для Toyota и Daihatsu;;
56-291;АНТИФРИЗЫ KYK (ЯПОНИЯ) ;Антифризы готовые;AKIRA COOLANT -40°C (красный) Мягкая уп-ка;20L;1; 	3 320,00р. ;3 486 р.;3 660 р.;4 209 р.;антифриз для Toyota и Daihatsu;;
56-303;АНТИФРИЗЫ KYK (ЯПОНИЯ) ;Антифризы готовые;AKIRA COOLANT -40°C (красный) Канистра;20L;1; 	3 620,00р. ;3 801 р.;3 991 р.;4 590 р.;антифриз для Toyota и Daihatsu;;
57-903;АНТИФРИЗЫ KYK (ЯПОНИЯ) ;Антифризы готовые;AKIRA COOLANT -40°C (красный);200L;1; 	28 000,00р. ;29 400 р.;30 870 р.;35 501 р.;антифриз для Toyota и Daihatsu;;
52-004;АНТИФРИЗЫ KYK (ЯПОНИЯ) ;Антифризы концентрированные;KYK LLC (Japanese Industrial Standard) 93% (зеленый);2L;10; 	580,00р. ;609 р.;639 р.;735 р.;антифриз концентрат ;;
54-004;АНТИФРИЗЫ KYK (ЯПОНИЯ) ;Антифризы концентрированные;KYK LLC (Japanese Industrial Standard) 93% (зеленый);4L;6; 	1 070,00р. ;1 124 р.;1 180 р.;1 357 р.;антифриз концентрат ;;
56-208;АНТИФРИЗЫ KYK (ЯПОНИЯ) ;Антифризы концентрированные;KYK LLC (Japanese Industrial Standard) 93% (зеленый);20L;1; 	5 150,00р. ;5 408 р.;5 678 р.;6 530 р.;антифриз концентрат ;;
57-204;АНТИФРИЗЫ KYK (ЯПОНИЯ) ;Антифризы концентрированные;KYK LLC (Japanese Industrial Standard) 93% (зеленый);200L;1; 	47 420,00р. ;49 791 р.;52 281 р.;60 123 р.;антифриз концентрат ;;
52-003;АНТИФРИЗЫ KYK (ЯПОНИЯ) ;Антифризы концентрированные;KYK LLC (Japanese Industrial Standard) 93% (красный);2L;10; 	580,00р. ;609 р.;639 р.;735 р.;антифриз концентрат ;;
54-003;АНТИФРИЗЫ KYK (ЯПОНИЯ) ;Антифризы концентрированные;KYK LLC (Japanese Industrial Standard) 93% (красный);4L;6; 	1 070,00р. ;1 124 р.;1 180 р.;1 357 р.;антифриз концентрат ;;
56-207;АНТИФРИЗЫ KYK (ЯПОНИЯ) ;Антифризы концентрированные;KYK LLC (Japanese Industrial Standard) 93% (красный);20L;1; 	5 150,00р. ;5 408 р.;5 678 р.;6 530 р.;антифриз концентрат ;;
57-203;АНТИФРИЗЫ KYK (ЯПОНИЯ) ;Антифризы концентрированные;KYK LLC (Japanese Industrial Standard) 93% (красный);200L;1; 	47 420,00р. ;49 791 р.;52 281 р.;60 123 р.;антифриз концентрат ;;
63-018;АВТОХИМИЯ  ;Автохимия KYK (Япония);KYK  FUEL CLEAN HYBRID ;300ml;20; 	210,00р. ;221 р.;232 р.;266 р.;комплексный очиститель топливной системы для бензина, в т.ч. GDI, D-4;;
63-019;АВТОХИМИЯ  ;Автохимия KYK (Япония);KYK  FUEL CLEAN HYBRID PREMIUM;300ml;20; 	290,00р. ;305 р.;320 р.;368 р.;комплексный очиститель топливной системы для бензина, в т.ч. GDI, D-4;;
63-017;АВТОХИМИЯ  ;Автохимия KYK (Япония);KYK Engine System Recovery G;300ml;24; 	490,00р. ;515 р.;540 р.;621 р.;Очиститель топливной системы для бензиновых  ДВС нового поколения. Особая  рекомендация для  ДВС с прямым впрыском и системой старт-стоп;;
63-020;АВТОХИМИЯ  ;Автохимия KYK (Япония);KYK  G ;180ml;50; 	260,00р. ;273 р.;287 р.;330 р.;комплексный очиститель топливной системы для бензина;;
63-120;АВТОХИМИЯ  ;Автохимия KYK (Япония);KYK  D;180ml;50; 	260,00р. ;273 р.;287 р.;330 р.;комплексный очиститель топливной системы для дизеля;;
60-179;АВТОХИМИЯ  ;Автохимия KYK (Япония);KYK WATER CUT -  G;180ml;60; 	75,00р. ;79 р.;83 р.;95 р.;ЭТИКЕТКА РУСИФИЦИРОВАНА!!!;;
61-237;АВТОХИМИЯ  ;Автохимия KYK (Япония);KYK WATER CUT -  D;200ml;60; 	75,00р. ;79 р.;83 р.;95 р.; удалитель воды для дизельных двигателей;;
61-501;АВТОХИМИЯ  ;Автохимия KYK (Япония);KYK WATER CUT -  D;1L;20; 	320,00р. ;336 р.;353 р.;406 р.;удалитель воды для дизельной тяжелой техники;;
33-204-R05;АВТОХИМИЯ  ;Автохимия KYK (Япония);KYK RADIATOR STOP LEAK;200ml;50; 	210,00р. ;221 р.;232 р.;266 р.;герметик радиатора;;
58-057;АВТОХИМИЯ  ;Автохимия KYK (Япония);KYK BRAKE FLUID BF-3    ;0,5L;20; 	220,00р. ;231 р.;243 р.;279 р.;Тормозная жидкость BF-3 (DOT-3);;
58-107;АВТОХИМИЯ  ;Автохимия KYK (Япония);KYK BRAKE FLUID BF-3    ;1L;20; 	315,00р. ;331 р.;347 р.;399 р.;Тормозная жидкость BF-3 (DOT-3);;
58-058;АВТОХИМИЯ  ;Автохимия KYK (Япония);KYK BRAKE FLUID BF-4    ;0,5L;20; 	360,00р. ;378 р.;397 р.;456 р.;Тормозная жидкость BF-4 (DOT-4);;
58-108;АВТОХИМИЯ  ;Автохимия KYK (Япония);KYK BRAKE FLUID BF-4     ;1L;20; 	560,00р. ;588 р.;617 р.;710 р.;Тормозная жидкость BF-4 (DOT-4);;
58-802;АВТОХИМИЯ  ;Автохимия KYK (Япония);KYK BRAKE FLUID BF-4;18L;1; 	7 700,00р. ;8 085 р.;8 489 р.;9 763 р.;Тормозная жидкость BF-4 (DOT-4);;
34-041;АВТОХИМИЯ  ;Автохимия KYK (Япония);KYK TIRE WAX;4L;3; 	3 000,00р. ;3 150 р.;3 308 р.;3 804 р.;вакса для колес;;
90-005;Другое;Лейки для масла и прочих технических жидкостей;KYK OIL JOKKI;5L;12; 	460,00р. ;483 р.;507 р.;583 р.;лейка для технических жидкостей;;
90-015;Другое;Лейки для масла и прочих технических жидкостей;KYK OIL JOKKI LONG NOZUMI;5L;12;720,00р.;756 р.;794 р.;913 р.;Лейка для технических жидкостей с длинным носиком;;
KIBIDG12;Другое;Прокладки под сливную пробку масляного поддона kibi DRAIN GASKET (Япония);KIBI DRAIN GASKET (1.7 х 12.2 х 21 mm);1уп.;10;360р.;;; 	110,00р. ;Прокладка под сливную пробку масляного поддона ;;
KIBIDG14;Другое;Прокладки под сливную пробку масляного поддона kibi DRAIN GASKET (Япония);KIBI DRAIN GASKET (1.7 х 14.2 х 22 mm);1уп.;10;360р.;;; 	110,00р. ;Прокладка под сливную пробку масляного поддона ;;
AA12;Масляные фильтры;;PIAA OIL FILTER AA12 (Bosch-Z-6);1 шт.;50; 	570,00р. ;599 р.;628 р.;723 р.;Масляный фильтр. Cross VIC C-418/221 ;;
AH7;Масляные фильтры;;PIAA OIL FILTER AH7 (AF1/AF4) (Bosch-Z-2/Bosch-F-1);1 шт.;50; 	245,00р. ;257 р.;270 р.;311 р.;Масляный фильтр. Cross OEM Honda 15400-PFB-014, VIC C-902/304/901 ;;
AH8;Масляные фильтры;;PIAA OIL FILTER AH8 (Bosch M-1/M-2);1 шт.;50; 	255,00р. ;268 р.;281 р.;323 р.;Масляный фильтр. Cross OEM Honda 15400-RTA-003, VIC C-303/307/312/316/407/415/809  ;;
AM3;Масляные фильтры;;PIAA OIL FILTER AM3 (Bosch-M-3);1 шт.;25; 	775,00р. ;814 р.;854 р.;983 р.;Масляный фильтр. Cross VIC C-306  ;;
AN3;Масляные фильтры;;PIAA OIL FILTER AN3 (Bosch-N-1);1 шт.;50;285,00р.;299 р.;314 р.;361 р.;Масляный фильтр. Cross VIC C-207L/106/931;;
AN5;Масляные фильтры;;PIAA OIL FILTER AN5 (Bosch-N-4);1 шт.;50;400,00р.;420 р.;441 р.;507 р.;Масляный фильтр. Cross VIC C-222/209;;
AN6;Масляные фильтры;;PIAA OIL FILTER AN6 (Bosch-N-2);1 шт.;50; 	245,00р. ;257 р.;270 р.;311 р.;Масляный фильтр. Cross VIC C-218/113  ;;
AN7;Масляные фильтры;;PIAA OIL FILTER AN7 (Bosch-N-8);1 шт.;50; 	265,00р. ;278 р.;292 р.;336 р.;Масляный фильтр. Cross VIC C-224/225  ;;
AN9;Масляные фильтры;;PIAA OIL FILTER AN9 (Bosch-N-6);1 шт.;50;675,00р.;709 р.;744 р.;856 р.;Масляный фильтр. Cross VIC C-226/221 ;;
AS2;Масляные фильтры;;PIAA OIL FILTER AS2/AS4 (Bosch-S-2);1 шт.;50; 	245,00р. ;257 р.;270 р.;311 р.;Масляный фильтр. Cross VIC C-932  ;;
AT11;Масляные фильтры;;PIAA OIL FILTER AТ11 (Bosch-T-7);1 шт.;50; 	310,00р. ;326 р.;342 р.;393 р.;Масляный фильтр. Cross OEM Toyota 9092003-20004, VIC C-114/105  ;;
AT15;Масляные фильтры;;PIAA OIL FILTER AТ15* (Bosch-T-12/Bosch-T-11) ;1 шт.;50;365,00р.;383 р.;402 р.;463 р.;Масляный фильтр-картридж. Cross VIC O-116/115;;
AT16;Масляные фильтры;;PIAA OIL FILTER AТ16* (Bosch-T-13/Bosch-T-15);1 шт.;50; 	255,00р. ;268 р.;281 р.;323 р.;Масляный фильтр-картридж. Cross VIC O-119/O-117  ;;
AT17;Масляные фильтры;;PIAA OIL FILTER AТ17* (Bosch-T-14);1 шт.;50; 	360,00р. ;378 р.;397 р.;456 р.;Масляный фильтр-картридж. Cross VIC O-118  ;;
AT6;Масляные фильтры;;PIAA OIL FILTER AТ6 (Bosch-T-6);1 шт.;50; 	230,00р. ;242 р.;254 р.;292 р.;Масляный фильтр. Cross OEM Toyota 9092003-10003, VIC C-110  ;;
AT7;Масляные фильтры;;PIAA OIL FILTER AТ7 (Bosch-T-9) ;1 шт.;50; 	300,00р. ;315 р.;331 р.;380 р.;Масляный фильтр. Cross VIC C-111  ;;
AT9;Масляные фильтры;;PIAA OIL FILTER AТ9 (Bosch-T-5) ;1 шт.;25;655,00р.;688 р.;722 р.;830 р.;Масляный фильтр. Cross VIC C-115;;
Z-1;Масляные фильтры;Масляные фильтры повышенной производительности;PIAA TWIN POWER OEM 90915-10001 (C-110/106/108)    ;1 шт.;20; 	690,00р. ;725 р.;761 р.;875 р.;масляный фильтр двойной фильтрации;;
Z-2;Масляные фильтры;Масляные фильтры повышенной производительности;PIAA TWIN POWER ОЕМ 90915-03002 (C-111/105/413/705);1 шт.;20; 	690,00р. ;725 р.;761 р.;875 р.;масляный фильтр двойной фильтрации;;
Z-5;Масляные фильтры;Масляные фильтры повышенной производительности;PIAA TWIN POWER ОЕМ 15208-65F00 (C-224/225);1 шт.;20; 	690,00р. ;725 р.;761 р.;875 р.;масляный фильтр двойной фильтрации;;
Z-6;Масляные фильтры;Масляные фильтры повышенной производительности;PIAA TWIN POWER OEM 15208-KA000(C-304/901);1 шт.;20; 	690,00р. ;725 р.;761 р.;875 р.;масляный фильтр двойной фильтрации;;
Z-8;Масляные фильтры;Масляные фильтры повышенной производительности;PIAA TWIN POWER ОЕМ JE15-14-30 (C-303/312/415/406/407/809);1 шт.;20; 	690,00р. ;725 р.;761 р.;875 р.;масляный фильтр двойной фильтрации;;
Z-12;Масляные фильтры;Масляные фильтры повышенной производительности;PIAA TWIN POWER OEM 04152-31030 (О-115/O-116);1 шт.;20; 	920,00р. ;966 р.;1 014 р.;1 166 р.;Масляная вставка повышенной производительности;;
Z1-M ;Масляные фильтры;Масляные фильтры PIAA MAGNETIC TWIN POWER повышенной производительности с встроенным магнитом!!! (Япония);OEM 90915-10001 (C-110/106/108);1 шт.;20; 	850,00р. ;893 р.;937 р.;1 078 р.;масляный фильтр двойной фильтрации с магнитом;;
Z2-M;Масляные фильтры;Масляные фильтры PIAA MAGNETIC TWIN POWER повышенной производительности с встроенным магнитом!!! (Япония);ОЕМ 90915-03002 (C-111/105/413/705);1 шт.;20; 	850,00р. ;893 р.;937 р.;1 078 р.;масляный фильтр двойной фильтрации с магнитом;;
Z5-M;Масляные фильтры;Масляные фильтры PIAA MAGNETIC TWIN POWER повышенной производительности с встроенным магнитом!!! (Япония);ОЕМ 15208-65F00 (C-224/225);1 шт.;20; 	850,00р. ;893 р.;937 р.;1 078 р.;масляный фильтр двойной фильтрации с магнитом;;
Z6-M;Масляные фильтры;Масляные фильтры PIAA MAGNETIC TWIN POWER повышенной производительности с встроенным магнитом!!! (Япония);OEM 15208-KA000(C-304/901);1 шт.;20; 	850,00р. ;893 р.;937 р.;1 078 р.;масляный фильтр двойной фильтрации с магнитом;;
Z8-M;Масляные фильтры;Масляные фильтры PIAA MAGNETIC TWIN POWER повышенной производительности с встроенным магнитом!!! (Япония);ОЕМ JE15-14-302 (C-303/312/415/406/407/809);1 шт.;20; 	850,00р. ;893 р.;937 р.;1 078 р.;масляный фильтр двойной фильтрации с магнитом;;
CFG30;Дворники;"Дворники PIAA каркасные ""CREFIT +""  для автомобилей с правым и левым рулем с креплением типа ""Hook"" (""Крючок"")";"12""  -  300мм CREFIT PLUS";1 шт.;10; 	450,00р. ;473 р.;496 р.;571 р.;Дворник универсальный  с графитовым покрытием;;
CFG35;Дворники;"Дворники PIAA каркасные ""CREFIT +""  для автомобилей с правым и левым рулем с креплением типа ""Hook"" (""Крючок"")";"14""  -  350мм CREFIT PLUS";1 шт.;10; 	450,00р. ;473 р.;496 р.;571 р.;Дворник универсальный  с графитовым покрытием;;
CFG38;Дворники;"Дворники PIAA каркасные ""CREFIT +""  для автомобилей с правым и левым рулем с креплением типа ""Hook"" (""Крючок"")";"15""  -  380мм CREFIT PLUS";1 шт.;10; 	450,00р. ;473 р.;496 р.;571 р.;Дворник универсальный  с графитовым покрытием;;
CFG40;Дворники;"Дворники PIAA каркасные ""CREFIT +""  для автомобилей с правым и левым рулем с креплением типа ""Hook"" (""Крючок"")";"16""  -  400мм CREFIT PLUS";1 шт.;10; 	450,00р. ;473 р.;496 р.;571 р.;Дворник универсальный  с графитовым покрытием;;
CFG43;Дворники;"Дворники PIAA каркасные ""CREFIT +""  для автомобилей с правым и левым рулем с креплением типа ""Hook"" (""Крючок"")";"17""  -  430мм CREFIT PLUS";1 шт.;10; 	450,00р. ;473 р.;496 р.;571 р.;Дворник универсальный  с графитовым покрытием;;
CFG45;Дворники;"Дворники PIAA каркасные ""CREFIT +""  для автомобилей с правым и левым рулем с креплением типа ""Hook"" (""Крючок"")";"18""  -  450мм CREFIT PLUS";1 шт.;10; 	450,00р. ;473 р.;496 р.;571 р.;Дворник универсальный  с графитовым покрытием;;
CFG48;Дворники;"Дворники PIAA каркасные ""CREFIT +""  для автомобилей с правым и левым рулем с креплением типа ""Hook"" (""Крючок"")";"19""  -  475мм CREFIT PLUS";1 шт.;10; 	450,00р. ;473 р.;496 р.;571 р.;Дворник универсальный  с графитовым покрытием;;
CFG50;Дворники;"Дворники PIAA каркасные ""CREFIT +""  для автомобилей с правым и левым рулем с креплением типа ""Hook"" (""Крючок"")";"20""  -  500мм CREFIT PLUS";1 шт.;10; 	450,00р. ;473 р.;496 р.;571 р.;Дворник универсальный  с графитовым покрытием;;
CFG53;Дворники;"Дворники PIAA каркасные ""CREFIT +""  для автомобилей с правым и левым рулем с креплением типа ""Hook"" (""Крючок"")";"21""  -  525мм CREFIT PLUS";1 шт.;10; 	450,00р. ;473 р.;496 р.;571 р.;Дворник универсальный  с графитовым покрытием;;
CFG55;Дворники;"Дворники PIAA каркасные ""CREFIT +""  для автомобилей с правым и левым рулем с креплением типа ""Hook"" (""Крючок"")";"22""  -  550мм CREFIT PLUS";1 шт.;10; 	450,00р. ;473 р.;496 р.;571 р.;Дворник универсальный  с графитовым покрытием;;
CFG60;Дворники;"Дворники PIAA каркасные ""CREFIT +""  для автомобилей с правым и левым рулем с креплением типа ""Hook"" (""Крючок"")";"24""  -  600мм CREFIT PLUS";1 шт.;10; 	450,00р. ;473 р.;496 р.;571 р.;Дворник универсальный  с графитовым покрытием;;
CFG65;Дворники;"Дворники PIAA каркасные ""CREFIT +""  для автомобилей с правым и левым рулем с креплением типа ""Hook"" (""Крючок"")";"26""  -  650мм CREFIT PLUS";1 шт.;10; 	450,00р. ;473 р.;496 р.;571 р.;Дворник универсальный  с графитовым покрытием;;
IWS38;Дворники;Дворники летние силиконовые;"PIAA SILICONE WIPER 15""  -  380мм";1 шт.;10; 	825,00р. ;866 р.;910 р.;1 046 р.;Дворник универсальный силиконовый;;
IWS40;Дворники;Дворники летние силиконовые;"PIAA SILICONE WIPER 16""  -  400мм";1 шт.;10; 	825,00р. ;866 р.;910 р.;1 046 р.;Дворник универсальный силиконовый;;
IWS43;Дворники;Дворники летние силиконовые;"PIAA SILICONE WIPER 17""  -  430мм";1 шт.;10; 	825,00р. ;866 р.;910 р.;1 046 р.;Дворник универсальный силиконовый;;
IWS45;Дворники;Дворники летние силиконовые;"PIAA SILICONE WIPER 18""  -  450мм";1 шт.;10; 	825,00р. ;866 р.;910 р.;1 046 р.;Дворник универсальный силиконовый;;
IWS48;Дворники;Дворники летние силиконовые;"PIAA SILICONE WIPER 19""  -  475мм";1 шт.;10; 	825,00р. ;866 р.;910 р.;1 046 р.;Дворник универсальный силиконовый;;
IWS50;Дворники;Дворники летние силиконовые;"PIAA SILICONE WIPER 20""  -  500мм";1 шт.;10; 	980,00р. ;1 029 р.;1 080 р.;1 243 р.;Дворник универсальный силиконовый;;
IWS53;Дворники;Дворники летние силиконовые;"PIAA SILICONE WIPER 21""  -  525мм";1 шт.;10; 	980,00р. ;1 029 р.;1 080 р.;1 243 р.;Дворник универсальный силиконовый;;
IWS55;Дворники;Дворники летние силиконовые;"PIAA SILICONE WIPER 22""  -  550мм";1 шт.;10; 	980,00р. ;1 029 р.;1 080 р.;1 243 р.;Дворник универсальный силиконовый;;
IWS60;Дворники;Дворники летние силиконовые;"PIAA SILICONE WIPER 24""  -  600мм";1 шт.;10; 	1 075,00р. ;1 129 р.;1 185 р.;1 363 р.;Дворник универсальный силиконовый;;
IWS65;Дворники;Дворники летние силиконовые;"PIAA SILICONE WIPER 26""  -  650мм";1 шт.;10; 	1 075,00р. ;1 129 р.;1 185 р.;1 363 р.;Дворник универсальный силиконовый;;
IWS70;Дворники;Дворники летние силиконовые;"PIAA SILICONE WIPER 28""  -  700мм";1 шт.;10; 	1 075,00р. ;1 129 р.;1 185 р.;1 363 р.;Дворник универсальный силиконовый;;
WST40E;Дворники;"Бескаркасные дворники PIAA (100% силикон)  для автомобилей с правым и левым рулем с креплением типа ""Hook"" (""Крючок"") разного размера";"PIAA SILICONE TECH WIPER FLAT 16""  -  400мм";1 шт.;10; 	1 020,00р. ;1 071 р.;1 125 р.;1 293 р.;Дворник бескаркасный универсальный силиконовый;;
WST43E;Дворники;"Бескаркасные дворники PIAA (100% силикон)  для автомобилей с правым и левым рулем с креплением типа ""Hook"" (""Крючок"") разного размера";"PIAA SILICONE TECH WIPER FLAT 17""  -  430мм";1 шт.;10; 	1 020,00р. ;1 071 р.;1 125 р.;1 293 р.;Дворник бескаркасный универсальный силиконовый;;
WST45E;Дворники;"Бескаркасные дворники PIAA (100% силикон)  для автомобилей с правым и левым рулем с креплением типа ""Hook"" (""Крючок"") разного размера";"PIAA SILICONE TECH WIPER FLAT 18""  -  450мм";1 шт.;10; 	1 020,00р. ;1 071 р.;1 125 р.;1 293 р.;Дворник бескаркасный универсальный силиконовый;;
WST48E;Дворники;"Бескаркасные дворники PIAA (100% силикон)  для автомобилей с правым и левым рулем с креплением типа ""Hook"" (""Крючок"") разного размера";"PIAA SILICONE TECH WIPER FLAT 19""  -  475мм";1 шт.;10; 	1 020,00р. ;1 071 р.;1 125 р.;1 293 р.;Дворник бескаркасный универсальный силиконовый;;
WST50E;Дворники;"Бескаркасные дворники PIAA (100% силикон)  для автомобилей с правым и левым рулем с креплением типа ""Hook"" (""Крючок"") разного размера";"PIAA SILICONE TECH WIPER FLAT 20""  -  500мм";1 шт.;10; 	1 150,00р. ;1 208 р.;1 268 р.;1 458 р.;Дворник бескаркасный универсальный силиконовый;;
WST53E;Дворники;"Бескаркасные дворники PIAA (100% силикон)  для автомобилей с правым и левым рулем с креплением типа ""Hook"" (""Крючок"") разного размера";"PIAA SILICONE TECH WIPER FLAT 21""  -  525мм";1 шт.;10; 	1 150,00р. ;1 208 р.;1 268 р.;1 458 р.;Дворник бескаркасный универсальный силиконовый;;
WST55E;Дворники;"Бескаркасные дворники PIAA (100% силикон)  для автомобилей с правым и левым рулем с креплением типа ""Hook"" (""Крючок"") разного размера";"PIAA SILICONE TECH WIPER FLAT 22""  -  550мм";1 шт.;10; 	1 150,00р. ;1 208 р.;1 268 р.;1 458 р.;Дворник бескаркасный универсальный силиконовый;;
WST60E;Дворники;"Бескаркасные дворники PIAA (100% силикон)  для автомобилей с правым и левым рулем с креплением типа ""Hook"" (""Крючок"") разного размера";"PIAA SILICONE TECH WIPER FLAT 24""  -  600мм";1 шт.;10; 	1 270,00р. ;1 334 р.;1 400 р.;1 610 р.;Дворник бескаркасный универсальный силиконовый;;
WST65E;Дворники;"Бескаркасные дворники PIAA (100% силикон)  для автомобилей с правым и левым рулем с креплением типа ""Hook"" (""Крючок"") разного размера";"PIAA SILICONE TECH WIPER FLAT 26""  -  650мм";1 шт.;10; 	1 270,00р. ;1 334 р.;1 400 р.;1 610 р.;Дворник бескаркасный универсальный силиконовый;;
WAVS30E;Дворники;Дворники PIAA гибридные силиконовые для автомобилей с ЛЕВЫМ расположением руля (Производство Япония);"PIAA AEROVOGUE SILICONE LHD 12""  -  300мм ";1 шт.;10; 	1 030,00р. ;1 082 р.;1 136 р.;1 306 р.;Дворник гибридный силиконовый для а/м с ЛЕВЫМ расположением руля;;
WAVS35E;Дворники;Дворники PIAA гибридные силиконовые для автомобилей с ЛЕВЫМ расположением руля (Производство Япония);"PIAA AEROVOGUE SILICONE LHD 14""  -  350мм ";1 шт.;10; 	1 030,00р. ;1 082 р.;1 136 р.;1 306 р.;Дворник гибридный силиконовый для а/м с ЛЕВЫМ расположением руля;;
WAVS38E;Дворники;Дворники PIAA гибридные силиконовые для автомобилей с ЛЕВЫМ расположением руля (Производство Япония);"PIAA AEROVOGUE SILICONE LHD 15""  -  380мм ";1 шт.;10; 	1 030,00р. ;1 082 р.;1 136 р.;1 306 р.;Дворник гибридный силиконовый для а/м с ЛЕВЫМ расположением руля;;
WAVS40E;Дворники;Дворники PIAA гибридные силиконовые для автомобилей с ЛЕВЫМ расположением руля (Производство Япония);"PIAA AEROVOGUE SILICONE LHD 16""  -  400мм ";1 шт.;10; 	1 200,00р. ;1 260 р.;1 323 р.;1 521 р.;Дворник гибридный силиконовый для а/м с ЛЕВЫМ расположением руля;;
WAVS43E;Дворники;Дворники PIAA гибридные силиконовые для автомобилей с ЛЕВЫМ расположением руля (Производство Япония);"PIAA AEROVOGUE SILICONE LHD 17""  -  430мм ";1 шт.;10; 	1 200,00р. ;1 260 р.;1 323 р.;1 521 р.;Дворник гибридный силиконовый для а/м с ЛЕВЫМ расположением руля;;
WAVS45E;Дворники;Дворники PIAA гибридные силиконовые для автомобилей с ЛЕВЫМ расположением руля (Производство Япония);"PIAA AEROVOGUE SILICONE LHD 18""  -  450мм ";1 шт.;10; 	1 200,00р. ;1 260 р.;1 323 р.;1 521 р.;Дворник гибридный силиконовый для а/м с ЛЕВЫМ расположением руля;;
WAVS48E;Дворники;Дворники PIAA гибридные силиконовые для автомобилей с ЛЕВЫМ расположением руля (Производство Япония);"PIAA AEROVOGUE SILICONE LHD 19""  -  475мм ";1 шт.;10; 	1 200,00р. ;1 260 р.;1 323 р.;1 521 р.;Дворник гибридный силиконовый для а/м с ЛЕВЫМ расположением руля;;
WAVS50E;Дворники;Дворники PIAA гибридные силиконовые для автомобилей с ЛЕВЫМ расположением руля (Производство Япония);"PIAA AEROVOGUE SILICONE LHD 20""  -  500мм ";1 шт.;10; 	1 345,00р. ;1 412 р.;1 483 р.;1 705 р.;Дворник гибридный силиконовый для а/м с ЛЕВЫМ расположением руля;;
WAVS53E;Дворники;Дворники PIAA гибридные силиконовые для автомобилей с ЛЕВЫМ расположением руля (Производство Япония);"PIAA AEROVOGUE SILICONE LHD 21""  -  525мм ";1 шт.;10; 	1 345,00р. ;1 412 р.;1 483 р.;1 705 р.;Дворник гибридный силиконовый для а/м с ЛЕВЫМ расположением руля;;
WAVS55E;Дворники;Дворники PIAA гибридные силиконовые для автомобилей с ЛЕВЫМ расположением руля (Производство Япония);"PIAA AEROVOGUE SILICONE LHD 22""  -  550мм ";1 шт.;10; 	1 345,00р. ;1 412 р.;1 483 р.;1 705 р.;Дворник гибридный силиконовый для а/м с ЛЕВЫМ расположением руля;;
WAVS60E;Дворники;Дворники PIAA гибридные силиконовые для автомобилей с ЛЕВЫМ расположением руля (Производство Япония);"PIAA AEROVOGUE SILICONE LHD 24""  -  600мм ";1 шт.;10; 	1 710,00р. ;1 796 р.;1 885 р.;2 168 р.;Дворник гибридный силиконовый для а/м с ЛЕВЫМ расположением руля;;
WAVS65E;Дворники;Дворники PIAA гибридные силиконовые для автомобилей с ЛЕВЫМ расположением руля (Производство Япония);"PIAA AEROVOGUE SILICONE LHD 26""  -  650мм ";1 шт.;10; 	1 710,00р. ;1 796 р.;1 885 р.;2 168 р.;Дворник гибридный силиконовый для а/м с ЛЕВЫМ расположением руля;;
WAVS70E;Дворники;Дворники PIAA гибридные силиконовые для автомобилей с ЛЕВЫМ расположением руля (Производство Япония);"PIAA AEROVOGUE SILICONE LHD 28""  -  700мм ";1 шт.;10; 	1 710,00р. ;1 796 р.;1 885 р.;2 168 р.;Дворник гибридный силиконовый для а/м с ЛЕВЫМ расположением руля;;
AVH-1E;Дворники;Дворники PIAA гибридные силиконовые для автомобилей с ЛЕВЫМ расположением руля (Производство Япония);PIAA HOLDER FOR AEROVOGUE LHD;1 шт.;50; 	130,00р. ;137 р.;143 р.;165 р.;"Переходник для ""дворника"" AEROVOGUE LHD  для европейских автомобилей";;
CF28W;Дворники;"Дворники PIAA зимние ""CREFIT SNOW""  для автомобилей с правым и левым рулем с креплением типа ""Hook"" (""Крючок"").";"11""  -  280мм CREFIT PLUS";1 шт.;10; 	680,00р. ;714 р.;750 р.;862 р.;Дворник зимний универсальный  с графитовым покрытием;;
CF34W;Дворники;"Дворники PIAA зимние ""CREFIT SNOW""  для автомобилей с правым и левым рулем с креплением типа ""Hook"" (""Крючок"").";"13""  -  340мм CREFIT PLUS";1 шт.;10; 	680,00р. ;714 р.;750 р.;862 р.;Дворник зимний универсальный  с графитовым покрытием;;
CF38W;Дворники;"Дворники PIAA зимние ""CREFIT SNOW""  для автомобилей с правым и левым рулем с креплением типа ""Hook"" (""Крючок"").";"15""  -  380мм CREFIT PLUS";1 шт.;10; 	680,00р. ;714 р.;750 р.;862 р.;Дворник зимний универсальный  с графитовым покрытием;;
CF40W;Дворники;"Дворники PIAA зимние ""CREFIT SNOW""  для автомобилей с правым и левым рулем с креплением типа ""Hook"" (""Крючок"").";"16""  -  400мм CREFIT PLUS";1 шт.;10; 	860,00р. ;903 р.;948 р.;1 090 р.;Дворник зимний универсальный  с графитовым покрытием;;
CF43W;Дворники;"Дворники PIAA зимние ""CREFIT SNOW""  для автомобилей с правым и левым рулем с креплением типа ""Hook"" (""Крючок"").";"17""  -  430мм CREFIT PLUS";1 шт.;10; 	860,00р. ;903 р.;948 р.;1 090 р.;Дворник зимний универсальный  с графитовым покрытием;;
CF45W;Дворники;"Дворники PIAA зимние ""CREFIT SNOW""  для автомобилей с правым и левым рулем с креплением типа ""Hook"" (""Крючок"").";"18""  -  450мм CREFIT PLUS";1 шт.;10; 	860,00р. ;903 р.;948 р.;1 090 р.;Дворник зимний универсальный  с графитовым покрытием;;
CF48W;Дворники;"Дворники PIAA зимние ""CREFIT SNOW""  для автомобилей с правым и левым рулем с креплением типа ""Hook"" (""Крючок"").";"19""  -  475мм CREFIT PLUS";1 шт.;10; 	860,00р. ;903 р.;948 р.;1 090 р.;Дворник зимний универсальный  с графитовым покрытием;;
CF50W;Дворники;"Дворники PIAA зимние ""CREFIT SNOW""  для автомобилей с правым и левым рулем с креплением типа ""Hook"" (""Крючок"").";"20""  -  500мм CREFIT PLUS";1 шт.;10; 	1 030,00р. ;1 082 р.;1 136 р.;1 306 р.;Дворник зимний универсальный  с графитовым покрытием;;
CF53W;Дворники;"Дворники PIAA зимние ""CREFIT SNOW""  для автомобилей с правым и левым рулем с креплением типа ""Hook"" (""Крючок"").";"21""  -  525мм CREFIT PLUS";1 шт.;10; 	1 030,00р. ;1 082 р.;1 136 р.;1 306 р.;Дворник зимний универсальный  с графитовым покрытием;;
CF55W;Дворники;"Дворники PIAA зимние ""CREFIT SNOW""  для автомобилей с правым и левым рулем с креплением типа ""Hook"" (""Крючок"").";"22""  -  550мм CREFIT PLUS";1 шт.;10; 	1 030,00р. ;1 082 р.;1 136 р.;1 306 р.;Дворник зимний универсальный  с графитовым покрытием;;
CF60W;Дворники;"Дворники PIAA зимние ""CREFIT SNOW""  для автомобилей с правым и левым рулем с креплением типа ""Hook"" (""Крючок"").";"24""  -  600мм CREFIT PLUS";1 шт.;10; 	1 100,00р. ;1 155 р.;1 213 р.;1 395 р.;Дворник зимний универсальный  с графитовым покрытием;;
CF65W;Дворники;"Дворники PIAA зимние ""CREFIT SNOW""  для автомобилей с правым и левым рулем с креплением типа ""Hook"" (""Крючок"").";"26""  -  650мм CREFIT PLUS";1 шт.;10; 	1 100,00р. ;1 155 р.;1 213 р.;1 395 р.;Дворник зимний универсальный  с графитовым покрытием;;
HY101-H4;Свет;ГАЛОГЕННЫЕ ЛАМПЫ ГОЛОВНОГО СВЕТА PIAA SOLAR YELLOW.  Желтый свет!  2500K Производство Япония.;PIAA SOLAR YELLOW (H4)  (2500K);2 шт. ;5; 	2 400,00р. ;2 520 р.;2 646 р.;3 043 р.;Лампа головного света. Светоотдача 130W/120W;;
HY103-H3;Свет;ГАЛОГЕННЫЕ ЛАМПЫ ГОЛОВНОГО СВЕТА PIAA SOLAR YELLOW.  Желтый свет!  2500K Производство Япония.;PIAA SOLAR YELLOW (H3)  (2500K);2 шт. ;5; 	2 400,00р. ;2 520 р.;2 646 р.;3 043 р.;Лампа головного света. Светоотдача 100W;;
HY104-H3C;Свет;ГАЛОГЕННЫЕ ЛАМПЫ ГОЛОВНОГО СВЕТА PIAA SOLAR YELLOW.  Желтый свет!  2500K Производство Япония.;PIAA SOLAR YELLOW (H3С)  (2500K);2 шт. ;5; 	2 400,00р. ;2 520 р.;2 646 р.;3 043 р.;Лампа головного света. Светоотдача 100W;;
HY107-HB;Свет;ГАЛОГЕННЫЕ ЛАМПЫ ГОЛОВНОГО СВЕТА PIAA SOLAR YELLOW.  Желтый свет!  2500K Производство Япония.;PIAA SOLAR YELLOW (HB3/HB4)  (2500K);2 шт. ;5; 	2 400,00р. ;2 520 р.;2 646 р.;3 043 р.;Лампа головного света. Светоотдача 100W;;
HY108-H8;Свет;ГАЛОГЕННЫЕ ЛАМПЫ ГОЛОВНОГО СВЕТА PIAA SOLAR YELLOW.  Желтый свет!  2500K Производство Япония.;PIAA SOLAR YELLOW (H8)  (2500K);2 шт. ;5; 	2 400,00р. ;2 520 р.;2 646 р.;3 043 р.;Лампа головного света. Светоотдача 70W;;
HY110-H11;Свет;ГАЛОГЕННЫЕ ЛАМПЫ ГОЛОВНОГО СВЕТА PIAA SOLAR YELLOW.  Желтый свет!  2500K Производство Япония.;PIAA SOLAR YELLOW (H11)  (2500K);2 шт. ;5; 	2 400,00р. ;2 520 р.;2 646 р.;3 043 р.;Лампа головного света. Светоотдача 100W;;
HY111-H16;Свет;ГАЛОГЕННЫЕ ЛАМПЫ ГОЛОВНОГО СВЕТА PIAA SOLAR YELLOW.  Желтый свет!  2500K Производство Япония.;PIAA SOLAR YELLOW (H16)  (2500K);2 шт. ;5; 	2 400,00р. ;2 520 р.;2 646 р.;3 043 р.;Лампа головного света. Светоотдача 30W;;
HX301-H4;Свет;ГАЛОГЕННЫЕ ЛАМПЫ ГОЛОВНОГО СВЕТА PIAA CELEST WHITE.  Бриллиантовый белый свет 3200К. Производство Япония.;PIAA CELEST WHITE (H4) (3200K);2 шт. ;5; 	1 510,00р. ;1 586 р.;1 665 р.;1 914 р.;Лампа головного света. Светоотдача 110W/100W;;
HX302-H3a;Свет;ГАЛОГЕННЫЕ ЛАМПЫ ГОЛОВНОГО СВЕТА PIAA CELEST WHITE.  Бриллиантовый белый свет 3200К. Производство Япония.;PIAA CELEST WHITE (H3a) (3200K);2 шт. ;5; 	1 510,00р. ;1 586 р.;1 665 р.;1 914 р.;Лампа головного света. Светоотдача 60W;;
HX303-H3;Свет;ГАЛОГЕННЫЕ ЛАМПЫ ГОЛОВНОГО СВЕТА PIAA CELEST WHITE.  Бриллиантовый белый свет 3200К. Производство Япония.;PIAA CELEST WHITE (H3) (3200K);2 шт. ;5; 	1 510,00р. ;1 586 р.;1 665 р.;1 914 р.;Лампа головного света. Светоотдача 85W;;
HX305-H1;Свет;ГАЛОГЕННЫЕ ЛАМПЫ ГОЛОВНОГО СВЕТА PIAA CELEST WHITE.  Бриллиантовый белый свет 3200К. Производство Япония.;PIAA CELEST WHITE (H1) (3200K);2 шт. ;5; 	1 510,00р. ;1 586 р.;1 665 р.;1 914 р.;Лампа головного света. Светоотдача 100W;;
HX306-H7;Свет;ГАЛОГЕННЫЕ ЛАМПЫ ГОЛОВНОГО СВЕТА PIAA CELEST WHITE.  Бриллиантовый белый свет 3200К. Производство Япония.;PIAA CELEST WHITE (H7) (3200K);2 шт. ;5; 	1 510,00р. ;1 586 р.;1 665 р.;1 914 р.;Лампа головного света. Светоотдача 85W;;
HX307-HB;Свет;ГАЛОГЕННЫЕ ЛАМПЫ ГОЛОВНОГО СВЕТА PIAA CELEST WHITE.  Бриллиантовый белый свет 3200К. Производство Япония.;PIAA CELEST WHITE (HB) (3200K);2 шт. ;5; 	1 510,00р. ;1 586 р.;1 665 р.;1 914 р.;Лампа головного света. Светоотдача 85W;;
HE-822-H1;Свет;ЛАМПЫ ГОЛОВНОГО СВЕТА. Увеличенная дальность светового пучка. Лучшая видимость (Производство Германии);NIGHT TECH (TYPE H1) HE-822 ;2 шт. ;5; 	1 900,00р. ;1 995 р.;2 095 р.;2 409 р.;Лампа головного света. Длина светового потока +35 метров. Белый свет +10%. Светоотдача 125W;;
HE-821-H3;Свет;ЛАМПЫ ГОЛОВНОГО СВЕТА. Увеличенная дальность светового пучка. Лучшая видимость (Производство Германии);NIGHT TECH (TYPE H3) HE-821 ;2 шт. ;5; 	1 900,00р. ;1 995 р.;2 095 р.;2 409 р.;Лампа головного света. Длина светового потока +35 метров. Белый свет +10%. Светоотдача 125W;;
HE-820-H4;Свет;ЛАМПЫ ГОЛОВНОГО СВЕТА. Увеличенная дальность светового пучка. Лучшая видимость (Производство Германии);NIGHT TECH (TYPE H4) HE-820 ;2 шт. ;5; 	1 900,00р. ;1 995 р.;2 095 р.;2 409 р.;Лампа головного света. Длина светового потока +35 метров. Белый свет +10%. Светоотдача 140W/130W;;
HE-823-H7;Свет;ЛАМПЫ ГОЛОВНОГО СВЕТА. Увеличенная дальность светового пучка. Лучшая видимость (Производство Германии);NIGHT TECH (TYPE H7) HE-823 ;2 шт. ;5; 	1 900,00р. ;1 995 р.;2 095 р.;2 409 р.;Лампа головного света. Длина светового потока +35 метров. Белый свет +10%. Светоотдача 125W;;
HE-824-H11;Свет;ЛАМПЫ ГОЛОВНОГО СВЕТА. Увеличенная дальность светового пучка. Лучшая видимость (Производство Германии);NIGHT TECH (TYPE H11) HE-824 ;2 шт. ;5; 	1 900,00р. ;1 995 р.;2 095 р.;2 409 р.;Лампа головного света. Длина светового потока +35 метров. Белый свет +10%. Светоотдача 125W;;
HE-825-HB3;Свет;ЛАМПЫ ГОЛОВНОГО СВЕТА. Увеличенная дальность светового пучка. Лучшая видимость (Производство Германии);NIGHT TECH (TYPE HB3) HE-825;2 шт. ;5; 	1 900,00р. ;1 995 р.;2 095 р.;2 409 р.;Лампа головного света. Длина светового потока +35 метров. Белый свет +10%. Светоотдача 140W;;
HE-826-HB4;Свет;ЛАМПЫ ГОЛОВНОГО СВЕТА. Увеличенная дальность светового пучка. Лучшая видимость (Производство Германии);NIGHT TECH (TYPE HB4) HE-826;2 шт. ;5; 	1 900,00р. ;1 995 р.;2 095 р.;2 409 р.;Лампа головного света. Длина светового потока +35 метров. Белый свет +10%. Светоотдача 120W;;
HE-832-H1;Свет;ГАЛОГЕННЫЕ ЛАМПЫ ГОЛОВНОГО СВЕТА HYPER PLUS.  Белый свет. Лучшая видимость (Производство Германии);HYPER PLUS (TYPE H1) HE-832  (4000K);2 шт. ;5; 	1 060,00р. ;1 113 р.;1 169 р.;1 344 р.;Лампа головного света. Светоотдача 100W;;
HE-831-H3;Свет;ГАЛОГЕННЫЕ ЛАМПЫ ГОЛОВНОГО СВЕТА HYPER PLUS.  Белый свет. Лучшая видимость (Производство Германии);HYPER PLUS (TYPE H3) HE-831 (4000K);2 шт. ;5; 	1 060,00р. ;1 113 р.;1 169 р.;1 344 р.;Лампа головного света. Светоотдача 100W;;
HE-830-H4;Свет;ГАЛОГЕННЫЕ ЛАМПЫ ГОЛОВНОГО СВЕТА HYPER PLUS.  Белый свет. Лучшая видимость (Производство Германии);HYPER PLUS (TYPE H4) HE-830 (4000K);2 шт. ;5; 	1 060,00р. ;1 113 р.;1 169 р.;1 344 р.;Лампа головного света. Светоотдача 110W/100W;;
HE-833-H7;Свет;ГАЛОГЕННЫЕ ЛАМПЫ ГОЛОВНОГО СВЕТА HYPER PLUS.  Белый свет. Лучшая видимость (Производство Германии);HYPER PLUS (TYPE H7) HE-833 (4000K);2 шт. ;5; 	1 060,00р. ;1 113 р.;1 169 р.;1 344 р.;Лампа головного света. Светоотдача 100W;;
HE-834-H11;Свет;ГАЛОГЕННЫЕ ЛАМПЫ ГОЛОВНОГО СВЕТА HYPER PLUS.  Белый свет. Лучшая видимость (Производство Германии);HYPER PLUS (TYPE H11) HE-834 (4000K);2 шт. ;5; 	1 190,00р. ;1 250 р.;1 312 р.;1 509 р.;Лампа головного света. Светоотдача 100W;;
HV101;Свет;ГАЛОГЕННЫЕ ЛАМПЫ ГОЛОВНОГО СВЕТА PIAA SUPER LONG LIFE!!!  Увеличенный срок службы!!! Яркий белый свет 4500K!!! Производство Япония!!!;Super Long Life (H4)  (4500K);2 шт. ;5; 	2 270,00р. ;2 384 р.;2 503 р.;2 878 р.;Лампа головного света;;
HV103;Свет;ГАЛОГЕННЫЕ ЛАМПЫ ГОЛОВНОГО СВЕТА PIAA SUPER LONG LIFE!!!  Увеличенный срок службы!!! Яркий белый свет 4500K!!! Производство Япония!!!;Super Long Life (H3)  (4500K);2 шт. ;5; 	2 270,00р. ;2 384 р.;2 503 р.;2 878 р.;Лампа головного света;;
HV105;Свет;ГАЛОГЕННЫЕ ЛАМПЫ ГОЛОВНОГО СВЕТА PIAA SUPER LONG LIFE!!!  Увеличенный срок службы!!! Яркий белый свет 4500K!!! Производство Япония!!!;Super Long Life (H1)  (4500K);2 шт. ;5; 	2 270,00р. ;2 384 р.;2 503 р.;2 878 р.;Лампа головного света;;
HV106;Свет;ГАЛОГЕННЫЕ ЛАМПЫ ГОЛОВНОГО СВЕТА PIAA SUPER LONG LIFE!!!  Увеличенный срок службы!!! Яркий белый свет 4500K!!! Производство Япония!!!;Super Long Life (H7)  (4500K);2 шт. ;5; 	2 270,00р. ;2 384 р.;2 503 р.;2 878 р.;Лампа головного света;;
HV107;Свет;ГАЛОГЕННЫЕ ЛАМПЫ ГОЛОВНОГО СВЕТА PIAA SUPER LONG LIFE!!!  Увеличенный срок службы!!! Яркий белый свет 4500K!!! Производство Япония!!!;Super Long Life (HB)  (4500K);2 шт. ;5; 	2 270,00р. ;2 384 р.;2 503 р.;2 878 р.;Лампа головного света;;
HV110;Свет;ГАЛОГЕННЫЕ ЛАМПЫ ГОЛОВНОГО СВЕТА PIAA SUPER LONG LIFE!!!  Увеличенный срок службы!!! Яркий белый свет 4500K!!! Производство Япония!!!;Super Long Life (H11)  (4500K);2 шт. ;5; 	2 270,00р. ;2 384 р.;2 503 р.;2 878 р.;Лампа головного света;;
HW201-H4;Свет;ГАЛОГЕННЫЕ ЛАМПЫ ГОЛОВНОГО СВЕТА PIAA ASTRAL WHITE. Белый свет. 4800К. Производство Япония. ;PIAA ASTRAL WHITE (H4) (4800K)                             ;2 шт. ;5; 	2 800,00р. ;2 940 р.;3 087 р.;3 550 р.;Лампа головного света. Светоотдача 140W/125W;;
HW203-H3;Свет;ГАЛОГЕННЫЕ ЛАМПЫ ГОЛОВНОГО СВЕТА PIAA ASTRAL WHITE. Белый свет. 4800К. Производство Япония. ;PIAA ASTRAL WHITE (H3) (4800K)                             ;2 шт. ;5; 	2 800,00р. ;2 940 р.;3 087 р.;3 550 р.;Лампа головного света. Светоотдача 110W;;
HW205-H1;Свет;ГАЛОГЕННЫЕ ЛАМПЫ ГОЛОВНОГО СВЕТА PIAA ASTRAL WHITE. Белый свет. 4800К. Производство Япония. ;PIAA ASTRAL WHITE (H1) (4800K)                             ;2 шт. ;5; 	2 800,00р. ;2 940 р.;3 087 р.;3 550 р.;Лампа головного света. Светоотдача 110W;;
HW206-H7;Свет;ГАЛОГЕННЫЕ ЛАМПЫ ГОЛОВНОГО СВЕТА PIAA ASTRAL WHITE. Белый свет. 4800К. Производство Япония. ;PIAA ASTRAL WHITE (H7) (4800K)                             ;2 шт. ;5; 	2 800,00р. ;2 940 р.;3 087 р.;3 550 р.;Лампа головного света. Светоотдача 115W;;
HW207-HB;Свет;ГАЛОГЕННЫЕ ЛАМПЫ ГОЛОВНОГО СВЕТА PIAA ASTRAL WHITE. Белый свет. 4800К. Производство Япония. ;PIAA ASTRAL WHITE (HB) (4800K)                             ;2 шт. ;5; 	2 800,00р. ;2 940 р.;3 087 р.;3 550 р.;Лампа головного света. Светоотдача 115W;;
HW208-H8;Свет;ГАЛОГЕННЫЕ ЛАМПЫ ГОЛОВНОГО СВЕТА PIAA ASTRAL WHITE. Белый свет. 4800К. Производство Япония. ;PIAA ASTRAL WHITE (H8) (4800K)                             ;2 шт. ;5; 	2 800,00р. ;2 940 р.;3 087 р.;3 550 р.;Лампа головного света. Светоотдача 115W;;
HW210-H11;Свет;ГАЛОГЕННЫЕ ЛАМПЫ ГОЛОВНОГО СВЕТА PIAA ASTRAL WHITE. Белый свет. 4800К. Производство Япония. ;PIAA ASTRAL WHITE (H11) (4800K)                             ;2 шт. ;5; 	2 800,00р. ;2 940 р.;3 087 р.;3 550 р.;Лампа головного света. Светоотдача 115W;;
HZ201-H4;Свет;ГАЛОГЕННЫЕ ЛАМПЫ ГОЛОВНОГО СВЕТА PIAA STRATOS BLUE. Мощный бело-голубой свет 6000К. (Производство Япония);PIAA STRATOS BLUE (H4) (6000K);2 шт. ;5; 	3 100,00р. ;3 255 р.;3 418 р.;3 930 р.;Лампа головного света. Светоотдача 125W/115W;;
HZ203-H3;Свет;ГАЛОГЕННЫЕ ЛАМПЫ ГОЛОВНОГО СВЕТА PIAA STRATOS BLUE. Мощный бело-голубой свет 6000К. (Производство Япония);PIAA STRATOS BLUE (H3) (6000K);2 шт. ;5; 	3 100,00р. ;3 255 р.;3 418 р.;3 930 р.;Лампа головного света. Светоотдача 100W;;
HZ205-H1;Свет;ГАЛОГЕННЫЕ ЛАМПЫ ГОЛОВНОГО СВЕТА PIAA STRATOS BLUE. Мощный бело-голубой свет 6000К. (Производство Япония);PIAA STRATOS BLUE (H1) (6000K);2 шт. ;5; 	3 100,00р. ;3 255 р.;3 418 р.;3 930 р.;Лампа головного света. Светоотдача 100W;;
HZ206-H7;Свет;ГАЛОГЕННЫЕ ЛАМПЫ ГОЛОВНОГО СВЕТА PIAA STRATOS BLUE. Мощный бело-голубой свет 6000К. (Производство Япония);PIAA STRATOS BLUE (H7) (6000K);2 шт. ;5; 	3 100,00р. ;3 255 р.;3 418 р.;3 930 р.;Лампа головного света. Светоотдача 100W;;
HZ207-HB;Свет;ГАЛОГЕННЫЕ ЛАМПЫ ГОЛОВНОГО СВЕТА PIAA STRATOS BLUE. Мощный бело-голубой свет 6000К. (Производство Япония);PIAA STRATOS BLUE (HB/HB3/HB4) (6000K);2 шт. ;5; 	3 100,00р. ;3 255 р.;3 418 р.;3 930 р.;Лампа головного света. Светоотдача 100W;;
HZ210-H11;Свет;ГАЛОГЕННЫЕ ЛАМПЫ ГОЛОВНОГО СВЕТА PIAA STRATOS BLUE. Мощный бело-голубой свет 6000К. (Производство Япония);PIAA STRATOS BLUE (H11) (6000K);2 шт. ;5; 	3 100,00р. ;3 255 р.;3 418 р.;3 930 р.;Лампа головного света. Светоотдача 100W;;
DK189BX;Свет;Дневные ходовые огни PIAA LED. Сверхяркие с низким потреблением энергии (12V 7W LED/6000K/1000cd). Соответствуют Европейской директиве ECE R87;Ходовые огни PIAA DR185 (Срок службы - 10 лет);1 к-т ;5; 	8 150,00р. ;8 558 р.;8 985 р.;10 333 р.;Яркие, ультратонкие ходовые огни с 100% защитой от влаги,12V, 7.5W, LED /6000K/600cd (пр-во Тайвань);;
DK209BE;Свет;Дневные ходовые огни PIAA LED. Сверхяркие с низким потреблением энергии (12V 7W LED/6000K/1000cd). Соответствуют Европейской директиве ECE R88;Ходовые огни PIAA DR205 (Срок службы - 10 лет);1 к-т ;5; 	7 090,00р. ;7 445 р.;7 817 р.;8 989 р.;Яркие, стильные, влагонепроницаемые ходовые огни,12V, 7.5W, LED /6000K/800cd (пр-во Тайвань);;
L-221B;Свет;Дневные ходовые огни PIAA LED. Сверхяркие с низким потреблением энергии (12V 7W LED/6000K/1000cd). Соответствуют Европейской директиве ECE R89;Ходовые огни PIAA Deno-i 1 (голубой свет);1 к-т ;5; 	3 200,00р. ;3 360 р.;3 528 р.;4 057 р.;Ходовые огни(LED) с черным дефлектором и ярким светом (12V/0,6W/200cd) (пр-во Япония);;
L-221W;Свет;Дневные ходовые огни PIAA LED. Сверхяркие с низким потреблением энергии (12V 7W LED/6000K/1000cd). Соответствуют Европейской директиве ECE R90;Ходовые огни PIAA Deno-i 1(белый свет);1 к-т ;5; 	5 900,00р. ;6 195 р.;6 505 р.;7 480 р.;Ходовые огни(LED) с черным дефлектором и ярким светом (12V/0,6W/200cd) (пр-во Япония);;
DS535B;Свет;Лампы дополнительного освещения PIAA ;PIAA DRIVING LED Lamp 12V(8W)/24V(12W), 6000K, 17000 cd;1 шт.;1; 	5 270,00р. ;5 534 р.;5 810 р.;6 682 р.;Дополнительная лампа для вождения, светодиодная, стойкая к тряске;;
DS537BE;Свет;Лампы дополнительного освещения PIAA ;PIAA FOG LED Lamp 12V(8W)/24V(12W), 6000K, 4500 cd;1 шт.;1; 	5 270,00р. ;5 534 р.;5 810 р.;6 682 р.;Дополнительная лампа противотуманная, светодиодная, стойкая к тряске;;
DS539B;Свет;Лампы дополнительного освещения PIAA ;PIAA WORK LED Lamp 12V(8W)/24V(12W), 4000K, 12000 cd;1 шт.;1; 	5 270,00р. ;5 534 р.;5 810 р.;6 682 р.;Дополнительная лампа для работы, светодиодная, стойкая к тряске;;
LR-36;Свет;Лампы дополнительного освещения PIAA ;PIAA Комплект проводов;1 к-т;1; 	1 850,00р. ;1 943 р.;2 040 р.;2 346 р.;Комплект проводов для подключения ламп (2 шт.) серии 530 LED ;;
MLR-4E;Свет;Лампы дополнительного освещения PIAA ;PIAA Комплект проводов пылевлагозащищённый;1 к-т;1; 	2 100,00р. ;2 205 р.;2 315 р.;2 663 р.;Комплект проводов для подключения 2х ламп серии DS530 LED (С усиленной защитой от влаги и грязи для экстремальных условий);;
LKCC5B;Свет;Лампы дополнительного освещения PIAA ;PIAA CROSS COUNTRY H.I.D. 66мм SPOT / 12V 30W HID;1 к-т;2; 	16 500,00р. ;17 325 р.;18 191 р.;20 920 р.;Компактная и мощная ксеноновая лампа дополнительного света;;
L-144E;Свет;Лампы дополнительного освещения PIAA ;PIAA Plasma Ion Yellow SMR Driving H4 60/55W, желтый свет;1 к-т;2; 	15 600,00р. ;16 380 р.;17 199 р.;19 779 р.;Лампа дополнительного света галогенная для вождения, черного цвета;;
PS588BE;Свет;Лампы дополнительного освещения PIAA ;PIAA DRIVING Xtreme White H3 85W, белый свет;1 к-т;2; 	14 600,00р. ;15 330 р.;16 097 р.;18 511 р.;Лампа дополнительного света галогенная для вождения, черного цвета;;
DKRF35X;Свет;Лампы дополнительного освещения PIAA ;PIAA LAMP LED RF3 DRIVING 6000K DKRF35X;1 к-т;2; 	18 850,00р. ;19 793 р.;20 782 р.;23 899 р.;Лампа дополнительного света диодная для вождения, черного цвета 6000К 12V 17W;;
DKRF68X;Свет;Лампы дополнительного освещения PIAA ;PIAA LAMP LED RF6 FOG 6000K DKRF68X;1 шт.;1; 	18 850,00р. ;19 793 р.;20 782 р.;23 899 р.;Лампа дополнительного света диодная противотуманная, черного цвета 6000К 12V 17W;;
DKRF105X;Свет;Лампы дополнительного освещения PIAA ;PIAA LAMP LED RF10 DRIVING 6000K DKRF105X;1 шт.;1; 	23 450,00р. ;24 623 р.;25 854 р.;29 732 р.;Лампа дополнительного света диодная для вождения, черного цвета 6000К 12V 33W;;
DKRF108X;Свет;Лампы дополнительного освещения PIAA ;PIAA LAMP LED RF10 FOG 6000K DKRF108X;1 шт.;1; 	24 750,00р. ;25 988 р.;27 287 р.;31 380 р.;Лампа дополнительного света диодная противотуманная, черного цвета 6000К 12V 33W;;
DKRF185E;Свет;Лампы дополнительного освещения PIAA ;PIAA LAMP LED RF18 DRIVING 6000K DKRF185E;1 шт.;1; 	32 900,00р. ;34 545 р.;36 272 р.;41 713 р.;Лампа дополнительного света диодная для вождения, черного цвета 6000К 12V 70W;;
HO-2;Другое;Звуковые сигналы PIAA;SPORTS HORN 400Hz/500Hz 112 dB;1 к-т. ;5; 	2 880,00р. ;3 024 р.;3 175 р.;3 651 р.;Звуковой сигнал PIAA с двойным тоном (Пр-во Япония);;
HO-8E;Другое;Звуковые сигналы PIAA;EURO SPORTS HORN 500Hz/600Hz 112 dB      NEW!!!   ;1 к-т. ;5; 	3 350,00р. ;3 518 р.;3 693 р.;4 247 р.;Звуковой сигнал PIAA с двойным тоном (Пр-во Япония);;
HO-9;Другое;Звуковые сигналы PIAA;SUPERIOR BASS HORN 330Hz/400Hz 112dB;1 к-т. ;5; 	3 350,00р. ;3 518 р.;3 693 р.;4 247 р.;Звуковой сигнал PIAA с двойным басовым тоном (Пр-во Япония);;
HO-12;Другое;Звуковые сигналы PIAA;SLENDER HORN 400Hz/500Hz 112 dB;1 к-т. ;5; 	3 350,00р. ;3 518 р.;3 693 р.;4 247 р.;Звуковой сигнал PIAA с двойным тоном. Тонкая модель. (Пр-во Япония);;
SSR53;Крышки радиатора PIAA ;;Raditor Cap;1 шт.;10; 	520,00р. ;546 р.;573 р.;659 р.;Крышка радиатора;;
SSR54;Крышки радиатора PIAA ;;Raditor Cap;1 шт.;10; 	520,00р. ;546 р.;573 р.;659 р.;Крышка радиатора;;
SSR55;Крышки радиатора PIAA ;;Raditor Cap;1 шт.;10; 	520,00р. ;546 р.;573 р.;659 р.;Крышка радиатора;;
SSR56;Крышки радиатора PIAA ;;Raditor Cap;1 шт.;10; 	520,00р. ;546 р.;573 р.;659 р.;Крышка радиатора;;
SSR60;Крышки радиатора PIAA ;;Raditor Cap;1 шт.;10; 	520,00р. ;546 р.;573 р.;659 р.;Крышка радиатора для гибридных автомобилей;;
SSR53S;Крышки радиатора PIAA ;;Raditor Cap with Safety Batton;1 шт.;10; 	680,00р. ;714 р.;750 р.;862 р.;Крышка радиатора с кнопкой спуска давления;;
SSR54S;Крышки радиатора PIAA ;;Raditor Cap with Safety Batton;1 шт.;10; 	680,00р. ;714 р.;750 р.;862 р.;Крышка радиатора с кнопкой спуска давления;;
SSR55S;Крышки радиатора PIAA ;;Raditor Cap with Safety Batton;1 шт.;10; 	680,00р. ;714 р.;750 р.;862 р.;Крышка радиатора с кнопкой спуска давления;;
SSR56S;Крышки радиатора PIAA ;;Raditor Cap with Safety Batton;1 шт.;10; 	680,00р. ;714 р.;750 р.;862 р.;Крышка радиатора с кнопкой спуска давления;;